first,last,age,dollar,phone
Evan,Lloyd,19,$3839.78,(771) 255-1133
Etta,Griffith,50,$8158.60,(523) 731-6388
William,Conner,50,$9966.70,(759) 504-6619
Rhoda,Guerrero,20,$6480.10,(467) 431-4273
Kyle,Klein,59,$6106.13,(760) 829-2093
Benjamin,Patton,59,$3925.51,(488) 673-5745
Georgie,Hansen,51,$8809.92,(579) 706-4402
Gregory,Bowen,36,$5176.21,(533) 506-3845
Cornelia,Peterson,46,$3626.31,(861) 316-5672
Samuel,Cole,37,$7677.20,(760) 406-6331
Marvin,McKinney,24,$8259.42,(984) 809-6472
Georgia,Green,45,$9779.15,(302) 913-6498
Myra,Colon,56,$1980.64,(756) 503-7949
Anne,Robbins,36,$3188.48,(251) 981-9828
Seth,Holland,62,$5514.69,(755) 269-7714
Laura,Fitzgerald,21,$1226.60,(440) 938-4192
Sallie,Gordon,31,$1112.63,(628) 874-9254
Mike,Bowman,45,$7002.78,(652) 263-8576
Emilie,Banks,37,$5300.94,(636) 804-5336
Nicholas,Greer,40,$7928.59,(927) 476-6400
Blake,Ward,35,$8239.86,(312) 996-1753
Wesley,Wells,21,$2857.13,(856) 292-9480
Josephine,Murphy,35,$6455.74,(538) 898-8235
Clayton,Day,35,$9287.62,(306) 747-6155
Jim,Wolfe,20,$7107.26,(259) 891-6092
Rachel,Andrews,24,$4208.82,(437) 966-7826
Inez,Walton,39,$3761.12,(238) 693-4139
Barry,Scott,38,$6996.35,(320) 735-5334
Jesus,Zimmerman,25,$2070.83,(540) 578-3985
Carlos,Carson,47,$5196.50,(787) 651-1062
Cornelia,Cummings,18,$6152.93,(837) 298-2936
Keith,Sullivan,34,$1004.51,(563) 942-6717
Roy,Fitzgerald,30,$6613.71,(601) 815-2720
Olivia,Richardson,37,$8798.43,(882) 508-9567
Jeffrey,Stephens,22,$3976.32,(431) 572-8446
Stanley,Carpenter,31,$8988.76,(871) 747-9258
Lily,Carlson,22,$1815.27,(567) 617-1739
Lina,Beck,28,$4121.91,(721) 641-5328
Richard,McKinney,39,$5986.34,(410) 305-2681
Rebecca,Simpson,39,$2276.59,(742) 723-8770
Tommy,Tran,59,$68.94,(663) 948-4548
Susan,Figueroa,47,$1190.87,(732) 837-6968
Olga,Ingram,31,$8961.37,(573) 982-5159
Lottie,Hayes,22,$2149.65,(487) 259-4412
Ian,Carpenter,49,$4864.98,(520) 834-3691
Harold,Black,49,$6026.59,(479) 985-1669
Jesse,Simpson,25,$8123.07,(726) 742-3195
Aaron,Moss,25,$359.68,(534) 265-1265
Landon,Foster,42,$2020.59,(610) 995-8578
Emilie,Rodriguez,42,$8272.03,(973) 784-3995
Mollie,Huff,32,$60.20,(464) 454-6032
Jim,Howard,32,$699.86,(374) 414-7025
Fanny,Russell,45,$7422.92,(988) 896-8913
Vernon,Baker,47,$5201.58,(583) 770-6411
Randall,Chapman,58,$9553.45,(647) 394-2240
Pearl,Alvarez,41,$7505.16,(503) 673-6034
Georgie,Lambert,58,$9276.04,(312) 965-6178
Claudia,Clarke,22,$2674.09,(247) 734-2203
Andre,Kelly,63,$5830.05,(921) 443-3559
Vernon,Rowe,22,$8683.37,(701) 421-9999
Mark,Vargas,24,$8623.18,(986) 861-4913
Andrew,Carroll,45,$8250.61,(350) 617-2450
Nell,Cummings,38,$287.01,(444) 818-8763
Marguerite,Walsh,50,$6577.70,(953) 638-7783
Clarence,Murphy,63,$7280.24,(927) 680-6302
Bessie,Jenkins,33,$2912.74,(609) 319-3615
Iva,White,20,$2009.67,(476) 371-6597
Tillie,West,26,$6271.86,(931) 558-8880
Mabel,Bowman,60,$2115.85,(522) 238-6843
Dustin,Hughes,59,$3179.52,(229) 249-3219
Minerva,Allen,60,$2887.03,(530) 443-8729
Miguel,Bennett,32,$3972.87,(243) 949-7235
Kate,Ramos,55,$3008.18,(602) 783-1029
John,Wilson,24,$3579.46,(434) 863-3482
Nicholas,Obrien,43,$6197.99,(658) 283-4232
Michael,Potter,58,$7418.68,(659) 582-4008
Louisa,Medina,23,$2042.76,(687) 245-4929
Louis,Alvarez,65,$5025.34,(500) 903-4793
Louis,Davidson,51,$6817.31,(762) 740-5555
Walter,Welch,44,$5933.26,(441) 292-7488
Julia,Ruiz,43,$6361.33,(741) 555-8853
Bettie,Berry,57,$3565.44,(859) 451-9595
Devin,Pratt,55,$6275.67,(706) 724-7551
Christine,Carr,44,$5146.23,(208) 944-6592
Alvin,Hunt,58,$6598.74,(835) 923-1555
Victor,Hoffman,48,$7003.09,(647) 593-5300
James,Cruz,40,$3352.58,(402) 585-3208
Rosa,Jimenez,34,$1351.76,(372) 736-4867
Roger,Neal,48,$1455.03,(623) 243-1483
Mildred,French,62,$8073.45,(936) 697-9602
Hunter,Rice,58,$660.76,(203) 465-1329
Olga,McDonald,61,$1195.00,(262) 640-5834
Lawrence,Bishop,62,$3013.03,(919) 622-5623
Katharine,Warner,65,$3807.14,(352) 670-3264
Cecelia,Ellis,65,$2460.33,(456) 812-7649
Victor,Hale,42,$5927.25,(286) 293-8036
Martha,Beck,49,$5422.27,(850) 208-5232
Leonard,Zimmerman,27,$4006.53,(631) 264-1377
Andre,Edwards,27,$2789.54,(553) 875-2073
Nina,Powell,28,$5027.58,(534) 745-4890
Eddie,Townsend,55,$5286.21,(600) 618-9752
Isaiah,Fuller,49,$6805.41,(406) 413-4781
Isabella,Howell,52,$609.56,(856) 350-7357
William,Morrison,50,$7536.80,(975) 306-2064
Maud,Gutierrez,42,$2850.22,(664) 495-9491
Caroline,Casey,19,$4776.69,(506) 214-3534
Kyle,Barton,28,$2132.32,(312) 757-6497
Joel,Fuller,35,$8264.43,(488) 648-5598
Leona,Stevenson,24,$5847.33,(262) 707-6376
Irene,Foster,65,$72.56,(764) 288-1732
Florence,Stanley,42,$7183.83,(279) 889-4246
Addie,Wilkerson,54,$5088.30,(403) 945-7789
Delia,Anderson,62,$2176.56,(428) 525-7634
Gary,Reed,44,$2694.26,(417) 908-9790
Lester,Larson,35,$9091.30,(774) 887-5627
Scott,Wilson,26,$9385.05,(681) 831-4989
Sylvia,McCormick,64,$9999.93,(603) 303-6269
Noah,Powell,19,$8437.05,(736) 992-1367
Rose,Douglas,36,$5682.94,(645) 710-7529
Chase,Reese,57,$8920.97,(209) 881-2224
Todd,Lopez,43,$3163.62,(350) 741-7383
Lily,Warren,21,$2924.11,(671) 690-4659
Brandon,Summers,51,$4538.09,(231) 763-8425
Bertie,Stevens,36,$1761.36,(382) 206-5039
Angel,Owen,45,$5852.13,(886) 446-8365
Josephine,Ryan,63,$5884.35,(776) 521-9742
Connor,Singleton,56,$1409.44,(579) 933-9144
Wesley,Tate,53,$1550.00,(730) 226-1984
Caroline,Stephens,33,$9443.47,(255) 359-4891
Milton,Dean,26,$7246.24,(442) 861-5792
Scott,Carpenter,48,$7453.53,(768) 480-8408
Adele,Gibbs,32,$9772.54,(760) 400-4449
Garrett,Holland,43,$4321.49,(428) 521-8301
Minnie,Greene,40,$2756.40,(371) 442-9105
Curtis,Farmer,63,$5954.00,(869) 818-4413
Emilie,Hubbard,40,$7497.05,(429) 947-5720
Vincent,Townsend,49,$5594.87,(570) 925-3187
Ricky,Mendez,49,$3686.11,(450) 821-5101
Jack,Parsons,54,$4850.87,(925) 979-8104
Nannie,Sutton,31,$9191.88,(311) 331-3229
Marie,Kelley,60,$1848.18,(405) 569-6643
Olive,Mitchell,51,$7115.84,(433) 313-8124
John,Burgess,30,$175.31,(868) 600-9305
Lottie,Reid,60,$3786.85,(602) 236-7371
Bettie,Gutierrez,37,$726.14,(426) 402-2838
Benjamin,Nelson,18,$6558.15,(202) 722-8432
Josie,Perez,32,$2268.38,(901) 277-6817
Rosalie,Morris,36,$8610.68,(439) 398-5515
Nellie,Payne,57,$6149.16,(781) 661-8737
Ethel,Holt,47,$9689.57,(642) 263-9438
Max,Parsons,20,$3946.71,(265) 637-6485
Ethel,Turner,43,$9292.50,(402) 928-6019
Curtis,Abbott,61,$9090.00,(703) 718-3949
Terry,Rose,31,$2204.66,(483) 522-6898
Lydia,Parks,63,$2775.83,(227) 641-4224
Dylan,Flores,56,$7625.42,(234) 339-2132
Sadie,Reyes,24,$3463.29,(711) 965-6133
Richard,Craig,60,$2740.83,(677) 756-2654
Noah,Cain,28,$6893.18,(420) 324-9980
Jennie,Benson,54,$6166.91,(406) 442-5523
Mike,Caldwell,62,$7083.93,(279) 349-7198
Duane,Lawson,41,$7823.73,(336) 556-8610
Carrie,Schwartz,55,$7361.76,(845) 316-7715
Matthew,Hunter,65,$4471.64,(874) 344-3804
Lois,Patterson,23,$8467.26,(674) 512-3361
Blanche,Townsend,40,$6037.26,(364) 794-9355
Edith,Floyd,44,$5218.19,(568) 298-4600
Leonard,Welch,31,$2799.14,(713) 383-9008
Emily,Maxwell,56,$1320.98,(708) 494-4414
Ronald,Sharp,44,$9248.36,(664) 606-4713
David,Guerrero,48,$3756.72,(948) 761-3379
Bess,Gray,40,$6214.01,(220) 664-2381
John,Patton,31,$8836.56,(907) 508-8900
Albert,Gomez,39,$7761.50,(985) 286-3225
Violet,Hale,46,$6026.46,(751) 323-6956
Adelaide,Jordan,44,$4175.49,(445) 201-7852
Violet,Cannon,47,$5588.81,(906) 288-8179
Vernon,Santos,62,$2787.48,(553) 786-2751
Rebecca,Garcia,60,$4208.77,(877) 952-4322
Hester,Butler,23,$5216.05,(710) 593-5473
Hilda,Owens,23,$1901.73,(313) 296-9628
Jeffery,Cooper,64,$925.54,(515) 612-3212
Ellen,Clayton,47,$3870.14,(402) 887-8694
Rebecca,Logan,28,$7665.45,(630) 728-2457
Timothy,Francis,36,$4771.53,(703) 219-6407
Maud,Brooks,21,$7348.08,(805) 393-4850
Herman,Holmes,41,$9031.25,(270) 717-8278
Esther,Manning,49,$2498.98,(444) 538-4678
Ida,Collier,28,$64.82,(315) 580-4620
Elnora,Maldonado,32,$2761.67,(480) 216-4457
Nettie,Duncan,20,$6359.43,(974) 522-7571
Ella,Stewart,38,$4155.99,(830) 203-1078
Frederick,Powers,60,$3458.41,(835) 496-5933
Frederick,Webster,60,$5706.79,(356) 645-3504
Ina,Tran,26,$4919.92,(534) 210-2103
Lizzie,Morgan,31,$3729.51,(836) 958-3370
Adam,Maxwell,46,$9954.09,(956) 313-6699
Leona,Wells,54,$6897.74,(672) 522-4251
Phoebe,Hernandez,62,$2260.86,(420) 464-4392
Flora,Jennings,61,$7010.15,(213) 490-7738